continente,min_pib,max_pib,media_pib
África,277.5518587,13206.48452,3089.0326047365384
Américas,1201.637154,42951.65309,11003.03162536
Asia,944,47306.98978,12473.026870133333
Europa,5937.029526,49357.19017,25054.481635933334
Oceanía,25185.00911,34435.36744,29810.188275
